team,rival,team_1_select_1,team_2_select_1,team_1_select_2,team_2_select_2,team_1_select_3,team_2_select_3,decider,order,bo,date,source_url,event
LEV,FUR,Breeze,Lotus,Haven,Sunset,Summit,Ascent,Split,A,3,2026-07-16 17:00:00,https://www.vlr.gg/706349/leviat-n-vs-furia-vct-2026-americas-stage-2-w1,VCT 2026: Americas Stage 2
C9,SEN,Breeze,Split,Summit,Haven,Ascent,Sunset,Lotus,A,3,2026-07-16 20:20:00,https://www.vlr.gg/706350/sentinels-vs-cloud9-vct-2026-americas-stage-2-w1,VCT 2026: Americas Stage 2
ENVY,EG,Haven,Lotus,Ascent,Breeze,Sunset,Summit,Split,A,3,2026-07-17 17:00:00,https://www.vlr.gg/706351/envy-vs-evil-geniuses-vct-2026-americas-stage-2-w1,VCT 2026: Americas Stage 2
KRÜ,LOUD,Summit,Split,Lotus,Breeze,Haven,Ascent,Sunset,A,3,2026-07-17 19:15:00,https://www.vlr.gg/706352/kr-esports-vs-loud-vct-2026-americas-stage-2-w1,VCT 2026: Americas Stage 2
100T,G2,Lotus,Ascent,Breeze,Sunset,Summit,Split,Haven,A,3,2026-07-18 17:00:00,https://www.vlr.gg/706353/g2-esports-vs-100-thieves-vct-2026-americas-stage-2-w1,VCT 2026: Americas Stage 2
MIBR,NRG,Lotus,Split,Sunset,Breeze,Ascent,Haven,Summit,A,3,2026-07-18 20:30:00,https://www.vlr.gg/706354/nrg-vs-mibr-vct-2026-americas-stage-2-w1,VCT 2026: Americas Stage 2
LEV,EG,Breeze,Lotus,Split,Sunset,Summit,Ascent,Haven,A,3,2026-07-23 17:00:00,https://www.vlr.gg/706355/evil-geniuses-vs-leviat-n-vct-2026-americas-stage-2-w2,VCT 2026: Americas Stage 2
ENVY,MIBR,Breeze,Summit,Haven,Sunset,Split,Ascent,Lotus,A,3,2026-07-23 19:05:00,https://www.vlr.gg/706356/envy-vs-mibr-vct-2026-americas-stage-2-w2,VCT 2026: Americas Stage 2
NRG,FUR,Sunset,Lotus,Breeze,Summit,Ascent,Haven,Split,A,3,2026-07-24 17:00:00,https://www.vlr.gg/706357/furia-vs-nrg-vct-2026-americas-stage-2-w2,VCT 2026: Americas Stage 2
KRÜ,100T,Breeze,Lotus,Split,Ascent,Sunset,Summit,Haven,A,3,2026-07-24 19:35:00,https://www.vlr.gg/706358/100-thieves-vs-kr-esports-vct-2026-americas-stage-2-w2,VCT 2026: Americas Stage 2
C9,G2,Lotus,Summit,Breeze,Sunset,Ascent,Haven,Split,A,3,2026-07-25 17:00:00,https://www.vlr.gg/706359/g2-esports-vs-cloud9-vct-2026-americas-stage-2-w2,VCT 2026: Americas Stage 2
LOUD,SEN,Split,Sunset,Lotus,Breeze,Haven,Summit,Ascent,A,3,2026-07-25 18:55:00,https://www.vlr.gg/706360/sentinels-vs-loud-vct-2026-americas-stage-2-w2,VCT 2026: Americas Stage 2
LEV,ENVY,Breeze,Lotus,Split,Summit,Haven,Sunset,Ascent,A,3,2026-07-26 17:00:00,https://www.vlr.gg/706361/envy-vs-leviat-n-vct-2026-americas-stage-2-w2,VCT 2026: Americas Stage 2
MIBR,FUR,Summit,Lotus,Haven,Breeze,Ascent,Split,Sunset,A,3,2026-07-26 19:00:00,https://www.vlr.gg/706362/furia-vs-mibr-vct-2026-americas-stage-2-w2,VCT 2026: Americas Stage 2
KRÜ,G2,Sunset,Summit,Breeze,Lotus,Ascent,Haven,Split,A,3,2026-07-30 17:00:00,https://www.vlr.gg/706364/kr-esports-vs-g2-esports-vct-2026-americas-stage-2-w3,VCT 2026: Americas Stage 2
100T,SEN,Lotus,Haven,Sunset,Ascent,Summit,Split,Breeze,A,3,2026-07-30 19:20:00,https://www.vlr.gg/706365/100-thieves-vs-sentinels-vct-2026-americas-stage-2-w3,VCT 2026: Americas Stage 2
C9,LOUD,Breeze,Split,Haven,Sunset,Ascent,Lotus,Summit,A,3,2026-07-31 17:00:00,https://www.vlr.gg/706366/cloud9-vs-loud-vct-2026-americas-stage-2-w3,VCT 2026: Americas Stage 2
MIBR,EG,Summit,Split,Haven,Ascent,Sunset,Lotus,Breeze,A,3,2026-07-31 20:25:00,https://www.vlr.gg/706367/evil-geniuses-vs-mibr-vct-2026-americas-stage-2-w3,VCT 2026: Americas Stage 2
ENVY,FUR,Breeze,Lotus,Haven,Sunset,Split,Summit,Ascent,A,3,2026-08-01 17:00:00,https://www.vlr.gg/706368/envy-vs-furia-vct-2026-americas-stage-2-w3,VCT 2026: Americas Stage 2
NRG,LEV,Split,Breeze,Summit,Sunset,Ascent,Lotus,Haven,A,3,2026-08-01 21:00:00,https://www.vlr.gg/706369/leviat-n-vs-nrg-vct-2026-americas-stage-2-w3,VCT 2026: Americas Stage 2
KRÜ,C9,Sunset,Lotus,Breeze,Split,Ascent,Summit,Haven,A,3,2026-08-02 17:00:00,https://www.vlr.gg/706370/cloud9-vs-kr-esports-vct-2026-americas-stage-2-w3,VCT 2026: Americas Stage 2
SEN,G2,Sunset,Summit,Breeze,Lotus,Haven,Ascent,Split,A,3,2026-08-02 19:05:00,https://www.vlr.gg/706371/g2-esports-vs-sentinels-vct-2026-americas-stage-2-w3,VCT 2026: Americas Stage 2
FUR,EG,Lotus,Split,Summit,Breeze,Ascent,Sunset,Haven,A,3,2026-08-06 17:00:00,https://www.vlr.gg/706372/evil-geniuses-vs-furia-vct-2026-americas-stage-2-w4,VCT 2026: Americas Stage 2
NRG,ENVY,Ascent,Lotus,Breeze,Haven,Sunset,Summit,Split,A,3,2026-08-06 19:15:00,https://www.vlr.gg/706373/envy-vs-nrg-vct-2026-americas-stage-2-w4,VCT 2026: Americas Stage 2
C9,100T,Ascent,Lotus,Split,Breeze,Sunset,Summit,Haven,A,3,2026-08-07 17:00:00,https://www.vlr.gg/706374/100-thieves-vs-cloud9-vct-2026-americas-stage-2-w4,VCT 2026: Americas Stage 2
LOUD,G2,Split,Summit,Sunset,Lotus,Breeze,Ascent,Haven,A,3,2026-08-07 19:40:00,https://www.vlr.gg/706375/g2-esports-vs-loud-vct-2026-americas-stage-2-w4,VCT 2026: Americas Stage 2
KRÜ,SEN,Haven,Lotus,Summit,Sunset,Split,Ascent,Breeze,A,3,2026-08-08 17:00:00,https://www.vlr.gg/706376/kr-esports-vs-sentinels-vct-2026-americas-stage-2-w4,VCT 2026: Americas Stage 2
LEV,MIBR,Breeze,Summit,Split,Sunset,Haven,Ascent,Lotus,A,3,2026-08-08 20:20:00,https://www.vlr.gg/706377/leviat-n-vs-mibr-vct-2026-americas-stage-2-w4,VCT 2026: Americas Stage 2
NRG,EG,Ascent,Split,Lotus,Breeze,Sunset,Summit,Haven,A,3,2026-08-09 17:00:00,https://www.vlr.gg/706378/evil-geniuses-vs-nrg-vct-2026-americas-stage-2-w4,VCT 2026: Americas Stage 2
LOUD,100T,Split,Lotus,Summit,Haven,Breeze,Sunset,Ascent,A,3,2026-08-09 18:55:00,https://www.vlr.gg/706379/loud-vs-100-thieves-vct-2026-americas-stage-2-w4,VCT 2026: Americas Stage 2
BST,KRÜ,Lotus,Haven,Breeze,Sunset,Ascent,Split,Summit,A,3,2026-08-13 17:00:00,https://www.vlr.gg/729742/kr-esports-vs-bestia-vct-2026-americas-stage-2-ur1,VCT 2026: Americas Stage 2
ENVY,M80,Lotus,Haven,Ascent,Split,Breeze,Sunset,Summit,A,3,2026-08-13 19:55:00,https://www.vlr.gg/729743/envy-vs-m80-vct-2026-americas-stage-2-ur1,VCT 2026: Americas Stage 2
2G,FUR,Summit,Lotus,Ascent,Split,Breeze,Haven,Sunset,A,3,2026-08-14 17:00:00,https://www.vlr.gg/729744/furia-vs-2game-esports-vct-2026-americas-stage-2-ur1,VCT 2026: Americas Stage 2
FX,C9,Haven,Summit,Lotus,Breeze,Sunset,Ascent,Split,A,3,2026-08-14 20:20:00,https://www.vlr.gg/729745/cloud9-vs-fluxo-w7m-vct-2026-americas-stage-2-ur1,VCT 2026: Americas Stage 2
MIBR,KRÜ,Summit,Haven,Breeze,Sunset,Split,Ascent,Lotus,A,3,2026-08-15 17:00:00,https://www.vlr.gg/729746/mibr-vs-kr-esports-vct-2026-americas-stage-2-ubqf,VCT 2026: Americas Stage 2
ENVY,SEN,Breeze,Haven,Ascent,Summit,Lotus,Split,Sunset,A,3,2026-08-15 19:05:00,https://www.vlr.gg/729747/sentinels-vs-envy-vct-2026-americas-stage-2-ubqf,VCT 2026: Americas Stage 2
FUR,G2,Lotus,Summit,Split,Haven,Ascent,Sunset,Breeze,A,3,2026-08-16 17:00:00,https://www.vlr.gg/729748/g2-esports-vs-furia-vct-2026-americas-stage-2-ubqf,VCT 2026: Americas Stage 2
C9,EG,Summit,Split,Breeze,Haven,Ascent,Lotus,Sunset,A,3,2026-08-16 20:40:00,https://www.vlr.gg/729749/evil-geniuses-vs-cloud9-vct-2026-americas-stage-2-ubqf,VCT 2026: Americas Stage 2
BST,C9,Sunset,Summit,Lotus,Breeze,Ascent,Haven,Split,A,3,2026-08-19 17:00:00,https://www.vlr.gg/729752/cloud9-vs-bestia-vct-2026-americas-stage-2-lr1,VCT 2026: Americas Stage 2
M80,G2,Haven,Summit,Breeze,Sunset,Ascent,Split,Lotus,A,3,2026-08-19 19:20:00,https://www.vlr.gg/729753/g2-esports-vs-m80-vct-2026-americas-stage-2-lr1,VCT 2026: Americas Stage 2
2G,SEN,Summit,Ascent,Haven,Split,Breeze,Sunset,Lotus,A,3,2026-08-20 17:00:00,https://www.vlr.gg/729754/sentinels-vs-2game-esports-vct-2026-americas-stage-2-lr1,VCT 2026: Americas Stage 2
KRÜ,FX,Breeze,Summit,Lotus,Ascent,Split,Haven,Sunset,A,3,2026-08-20 19:30:00,https://www.vlr.gg/729755/kr-esports-vs-fluxo-w7m-vct-2026-americas-stage-2-lr1,VCT 2026: Americas Stage 2
MIBR,ENVY,Summit,Breeze,Sunset,Ascent,Haven,Lotus,Split,A,3,2026-08-21 17:00:00,https://www.vlr.gg/729750/mibr-vs-envy-vct-2026-americas-stage-2-ubsf,VCT 2026: Americas Stage 2
FUR,EG,Lotus,Split,Sunset,Breeze,Ascent,Summit,Haven,A,3,2026-08-21 20:00:00,https://www.vlr.gg/729751/furia-vs-evil-geniuses-vct-2026-americas-stage-2-ubsf,VCT 2026: Americas Stage 2
BST,G2,Sunset,Summit,Breeze,Ascent,Haven,Split,Lotus,A,3,2026-08-22 17:00:00,https://www.vlr.gg/729756/bestia-vs-g2-esports-vct-2026-americas-stage-2-lr2,VCT 2026: Americas Stage 2
KRÜ,SEN,Breeze,Lotus,Ascent,Haven,Split,Summit,Sunset,A,3,2026-08-22 19:10:00,https://www.vlr.gg/729757/sentinels-vs-kr-esports-vct-2026-americas-stage-2-lr2,VCT 2026: Americas Stage 2
G2,ENVY,Summit,Breeze,Lotus,Ascent,Split,Sunset,Haven,A,3,2026-08-23 17:00:00,https://www.vlr.gg/729758/envy-vs-g2-esports-vct-2026-americas-stage-2-lr3,VCT 2026: Americas Stage 2
KRÜ,EG,Breeze,Split,Lotus,Sunset,Haven,Ascent,Summit,A,3,2026-08-23 20:20:00,https://www.vlr.gg/729759/evil-geniuses-vs-kr-esports-vct-2026-americas-stage-2-lr3,VCT 2026: Americas Stage 2
FUR,LOUD,Lotus,Split,Haven,Summit,Sunset,Abyss,Ascent,A,3,2026-08-27 17:00:00,https://www.vlr.gg/734302/loud-vs-furia-vct-2026-americas-stage-2-ur1,VCT 2026: Americas Stage 2
LEV,MIBR,Sunset,Summit,Abyss,Haven,Split,Ascent,Lotus,A,3,2026-08-27 19:10:00,https://www.vlr.gg/734303/leviat-n-vs-mibr-vct-2026-americas-stage-2-ur1,VCT 2026: Americas Stage 2
LOUD,NRG,Split,Sunset,Ascent,Abyss,Summit,Haven,Lotus,A,3,2026-08-28 17:00:00,https://www.vlr.gg/734304/nrg-vs-loud-vct-2026-americas-stage-2-ubsf,VCT 2026: Americas Stage 2
LEV,100T,Haven,Abyss,Lotus,Summit,Split,Sunset,Ascent,A,3,2026-08-28 20:20:00,https://www.vlr.gg/734305/100-thieves-vs-leviat-n-vct-2026-americas-stage-2-ubsf,VCT 2026: Americas Stage 2
FUR,G2,Lotus,Split,Haven,Sunset,Ascent,Summit,Abyss,A,3,2026-08-29 17:00:00,https://www.vlr.gg/734309/furia-vs-g2-esports-vct-2026-americas-stage-2-lr1,VCT 2026: Americas Stage 2
MIBR,EG,Summit,Split,Lotus,Sunset,Abyss,Ascent,Haven,A,3,2026-08-29 20:00:00,https://www.vlr.gg/734310/mibr-vs-evil-geniuses-vct-2026-americas-stage-2-lr1,VCT 2026: Americas Stage 2
LEV,G2,Lotus,Haven,Split,Abyss,Sunset,Ascent,Summit,A,3,2026-08-30 17:00:00,https://www.vlr.gg/734311/leviat-n-vs-g2-esports-vct-2026-americas-stage-2-lr2,VCT 2026: Americas Stage 2
MIBR,LOUD,Summit,Split,Lotus,Sunset,Ascent,Haven,Abyss,A,3,2026-08-30 20:10:00,https://www.vlr.gg/734312/loud-vs-mibr-vct-2026-americas-stage-2-lr2,VCT 2026: Americas Stage 2
NRG,100T,Split,Lotus,Abyss,Sunset,Ascent,Haven,Summit,A,3,2026-09-04 13:00:00,https://www.vlr.gg/734307/nrg-vs-100-thieves-vct-2026-americas-stage-2-ubf,VCT 2026: Americas Stage 2
G2,LOUD,Sunset,Split,Abyss,Summit,Haven,Ascent,Lotus,A,3,2026-09-04 15:05:00,https://www.vlr.gg/734313/g2-esports-vs-loud-vct-2026-americas-stage-2-lr3,VCT 2026: Americas Stage 2
NRG,LOUD,Split,Ascent,Abyss,Sunset,Summit,Haven,Lotus,A,5,2026-09-05 14:00:00,https://www.vlr.gg/734314/nrg-vs-loud-vct-2026-americas-stage-2-lbf,VCT 2026: Americas Stage 2
100T,LOUD,Abyss,Lotus,Split,Sunset,Ascent,Summit,Haven,A,5,2026-09-06 13:00:00,https://www.vlr.gg/734308/100-thieves-vs-loud-vct-2026-americas-stage-2-gf,VCT 2026: Americas Stage 2
