run_at,run_id,mode,table,file,rows,series,failed_rows,status,error,duration_s
2026-09-14T20:50:22+00:00,34895265206,incremental,regions,table_region.csv,5,,0,ok,,0.2
2026-09-14T20:50:22+00:00,34895265206,incremental,tournament,table_tournament.csv,15,,0,ok,,0.1
2026-09-14T20:50:22+00:00,34895265206,incremental,teams,table_teams.csv,64,,0,ok,,0.2
2026-09-14T20:50:22+00:00,34895265206,incremental,tournament_played,table_tournament_played.csv,198,,0,ok,,0.1
2026-09-14T20:50:22+00:00,34895265206,incremental,players,table_players.csv,385,,0,ok,,0.2
2026-09-14T20:50:22+00:00,34895265206,incremental,maps_name_ids,table_maps_name_id.csv,12,,0,ok,,0.1
2026-09-14T20:50:22+00:00,34895265206,incremental,maps_id,table_maps_id.csv,0,0,0,ok,,0
2026-09-14T20:50:22+00:00,34895265206,incremental,draft,table_draft.csv,0,0,0,ok,,0
2026-09-14T20:50:22+00:00,34895265206,incremental,round_info,table_round_info.csv,0,0,0,ok,,0
2026-09-14T20:50:22+00:00,34895265206,incremental,team_economy,table_team_economy.csv,0,0,0,ok,,0
2026-09-14T20:50:22+00:00,34895265206,incremental,player_stats,table_player_stats.csv,0,0,0,ok,,0
2026-09-14T20:50:22+00:00,34895265206,incremental,player_performance,table_player_performance.csv,0,0,0,ok,,0
2026-09-14T20:50:22+00:00,34895265206,incremental,match_id,table_match_id.csv,0,0,0,ok,,0
2026-09-15T20:05:40+00:00,35017478614,incremental,regions,table_region.csv,5,,0,ok,,0.4
2026-09-15T20:05:40+00:00,35017478614,incremental,tournament,table_tournament.csv,15,,0,ok,,0.3
2026-09-15T20:05:40+00:00,35017478614,incremental,teams,table_teams.csv,64,,0,ok,,0.3
2026-09-15T20:05:40+00:00,35017478614,incremental,tournament_played,table_tournament_played.csv,198,,0,ok,,0.3
2026-09-15T20:05:40+00:00,35017478614,incremental,players,table_players.csv,385,,0,ok,,0.2
2026-09-15T20:05:40+00:00,35017478614,incremental,maps_name_ids,table_maps_name_id.csv,12,,0,ok,,0.1
2026-09-15T20:05:40+00:00,35017478614,incremental,maps_id,table_maps_id.csv,0,0,0,ok,,0
2026-09-15T20:05:40+00:00,35017478614,incremental,draft,table_draft.csv,0,0,0,ok,,0
2026-09-15T20:05:40+00:00,35017478614,incremental,round_info,table_round_info.csv,0,0,0,ok,,0
2026-09-15T20:05:40+00:00,35017478614,incremental,team_economy,table_team_economy.csv,0,0,0,ok,,0
2026-09-15T20:05:40+00:00,35017478614,incremental,player_stats,table_player_stats.csv,0,0,0,ok,,0
2026-09-15T20:05:40+00:00,35017478614,incremental,player_performance,table_player_performance.csv,0,0,0,ok,,0
2026-09-15T20:05:40+00:00,35017478614,incremental,match_id,table_match_id.csv,0,0,0,ok,,0
2026-09-16T19:56:01+00:00,35143478224,incremental,regions,table_region.csv,5,,0,ok,,0.2
2026-09-16T19:56:01+00:00,35143478224,incremental,tournament,table_tournament.csv,15,,0,ok,,0.3
2026-09-16T19:56:01+00:00,35143478224,incremental,teams,table_teams.csv,64,,0,ok,,0.1
2026-09-16T19:56:01+00:00,35143478224,incremental,tournament_played,table_tournament_played.csv,198,,0,ok,,0.2
2026-09-16T19:56:01+00:00,35143478224,incremental,players,table_players.csv,385,,0,ok,,0.2
2026-09-16T19:56:01+00:00,35143478224,incremental,maps_name_ids,table_maps_name_id.csv,12,,0,ok,,0.1
2026-09-16T19:56:01+00:00,35143478224,incremental,maps_id,table_maps_id.csv,0,0,0,ok,,0
2026-09-16T19:56:01+00:00,35143478224,incremental,draft,table_draft.csv,0,0,0,ok,,0
2026-09-16T19:56:01+00:00,35143478224,incremental,round_info,table_round_info.csv,0,0,0,ok,,0
2026-09-16T19:56:01+00:00,35143478224,incremental,team_economy,table_team_economy.csv,0,0,0,ok,,0
2026-09-16T19:56:01+00:00,35143478224,incremental,player_stats,table_player_stats.csv,0,0,0,ok,,0
2026-09-16T19:56:01+00:00,35143478224,incremental,player_performance,table_player_performance.csv,0,0,0,ok,,0
2026-09-16T19:56:01+00:00,35143478224,incremental,match_id,table_match_id.csv,0,0,0,ok,,0
2026-09-17T20:06:35+00:00,35268786372,incremental,regions,table_region.csv,5,,0,ok,,0.3
2026-09-17T20:06:35+00:00,35268786372,incremental,tournament,table_tournament.csv,15,,0,ok,,0.3
2026-09-17T20:06:35+00:00,35268786372,incremental,teams,table_teams.csv,64,,0,ok,,0.1
2026-09-17T20:06:35+00:00,35268786372,incremental,tournament_played,table_tournament_played.csv,198,,0,ok,,0.2
2026-09-17T20:06:35+00:00,35268786372,incremental,players,table_players.csv,385,,0,ok,,0.3
2026-09-17T20:06:35+00:00,35268786372,incremental,maps_name_ids,table_maps_name_id.csv,12,,0,ok,,0.1
2026-09-17T20:06:35+00:00,35268786372,incremental,maps_id,table_maps_id.csv,0,0,0,ok,,0
2026-09-17T20:06:35+00:00,35268786372,incremental,draft,table_draft.csv,0,0,0,ok,,0
2026-09-17T20:06:35+00:00,35268786372,incremental,round_info,table_round_info.csv,0,0,0,ok,,0
2026-09-17T20:06:35+00:00,35268786372,incremental,team_economy,table_team_economy.csv,0,0,0,ok,,0
2026-09-17T20:06:35+00:00,35268786372,incremental,player_stats,table_player_stats.csv,0,0,0,ok,,0
2026-09-17T20:06:35+00:00,35268786372,incremental,player_performance,table_player_performance.csv,0,0,0,ok,,0
2026-09-17T20:06:35+00:00,35268786372,incremental,match_id,table_match_id.csv,0,0,0,ok,,0
2026-09-18T19:29:44+00:00,35386198718,incremental,regions,table_region.csv,5,,0,ok,,0.4
2026-09-18T19:29:44+00:00,35386198718,incremental,tournament,table_tournament.csv,15,,0,ok,,0.3
2026-09-18T19:29:44+00:00,35386198718,incremental,teams,table_teams.csv,64,,0,ok,,0.3
2026-09-18T19:29:44+00:00,35386198718,incremental,tournament_played,table_tournament_played.csv,198,,0,ok,,0.3
2026-09-18T19:29:44+00:00,35386198718,incremental,players,table_players.csv,385,,0,ok,,0.3
2026-09-18T19:29:44+00:00,35386198718,incremental,maps_name_ids,table_maps_name_id.csv,12,,0,ok,,0.1
2026-09-18T19:29:44+00:00,35386198718,incremental,maps_id,table_maps_id.csv,0,0,0,ok,,0
2026-09-18T19:29:44+00:00,35386198718,incremental,draft,table_draft.csv,0,0,0,ok,,0
2026-09-18T19:29:44+00:00,35386198718,incremental,round_info,table_round_info.csv,0,0,0,ok,,0
2026-09-18T19:29:44+00:00,35386198718,incremental,team_economy,table_team_economy.csv,0,0,0,ok,,0
2026-09-18T19:29:44+00:00,35386198718,incremental,player_stats,table_player_stats.csv,0,0,0,ok,,0
2026-09-18T19:29:44+00:00,35386198718,incremental,player_performance,table_player_performance.csv,0,0,0,ok,,0
2026-09-18T19:29:44+00:00,35386198718,incremental,match_id,table_match_id.csv,0,0,0,ok,,0
2026-09-19T19:15:06+00:00,35463730323,incremental,regions,table_region.csv,5,,0,ok,,0.2
2026-09-19T19:15:06+00:00,35463730323,incremental,tournament,table_tournament.csv,15,,0,ok,,0.2
2026-09-19T19:15:06+00:00,35463730323,incremental,teams,table_teams.csv,64,,0,ok,,0.2
2026-09-19T19:15:06+00:00,35463730323,incremental,tournament_played,table_tournament_played.csv,198,,0,ok,,0.2
2026-09-19T19:15:06+00:00,35463730323,incremental,players,table_players.csv,385,,0,ok,,0.3
2026-09-19T19:15:06+00:00,35463730323,incremental,maps_name_ids,table_maps_name_id.csv,12,,0,ok,,0.1
2026-09-19T19:15:06+00:00,35463730323,incremental,maps_id,table_maps_id.csv,0,0,0,ok,,0
2026-09-19T19:15:06+00:00,35463730323,incremental,draft,table_draft.csv,0,0,0,ok,,0
2026-09-19T19:15:06+00:00,35463730323,incremental,round_info,table_round_info.csv,0,0,0,ok,,0
2026-09-19T19:15:06+00:00,35463730323,incremental,team_economy,table_team_economy.csv,0,0,0,ok,,0
2026-09-19T19:15:06+00:00,35463730323,incremental,player_stats,table_player_stats.csv,0,0,0,ok,,0
2026-09-19T19:15:06+00:00,35463730323,incremental,player_performance,table_player_performance.csv,0,0,0,ok,,0
2026-09-19T19:15:06+00:00,35463730323,incremental,match_id,table_match_id.csv,0,0,0,ok,,0
2026-09-20T19:19:09+00:00,35531888927,incremental,regions,table_region.csv,5,,0,ok,,0.1
2026-09-20T19:19:09+00:00,35531888927,incremental,tournament,table_tournament.csv,15,,0,ok,,0.1
2026-09-20T19:19:09+00:00,35531888927,incremental,teams,table_teams.csv,64,,0,ok,,0.1
2026-09-20T19:19:09+00:00,35531888927,incremental,tournament_played,table_tournament_played.csv,198,,0,ok,,0.1
2026-09-20T19:19:09+00:00,35531888927,incremental,players,table_players.csv,385,,0,ok,,0.1
2026-09-20T19:19:09+00:00,35531888927,incremental,maps_name_ids,table_maps_name_id.csv,12,,0,ok,,0.0
2026-09-20T19:19:09+00:00,35531888927,incremental,maps_id,table_maps_id.csv,0,0,0,ok,,0
2026-09-20T19:19:09+00:00,35531888927,incremental,draft,table_draft.csv,0,0,0,ok,,0
2026-09-20T19:19:09+00:00,35531888927,incremental,round_info,table_round_info.csv,0,0,0,ok,,0
2026-09-20T19:19:09+00:00,35531888927,incremental,team_economy,table_team_economy.csv,0,0,0,ok,,0
2026-09-20T19:19:09+00:00,35531888927,incremental,player_stats,table_player_stats.csv,0,0,0,ok,,0
2026-09-20T19:19:09+00:00,35531888927,incremental,player_performance,table_player_performance.csv,0,0,0,ok,,0
2026-09-20T19:19:09+00:00,35531888927,incremental,match_id,table_match_id.csv,0,0,0,ok,,0
2026-09-21T20:55:25+00:00,35654032846,incremental,regions,table_region.csv,5,,0,ok,,0.3
2026-09-21T20:55:25+00:00,35654032846,incremental,tournament,table_tournament.csv,15,,0,ok,,0.1
2026-09-21T20:55:25+00:00,35654032846,incremental,teams,table_teams.csv,64,,0,ok,,0.1
2026-09-21T20:55:25+00:00,35654032846,incremental,tournament_played,table_tournament_played.csv,198,,0,ok,,0.1
2026-09-21T20:55:25+00:00,35654032846,incremental,players,table_players.csv,385,,0,ok,,0.3
2026-09-21T20:55:25+00:00,35654032846,incremental,maps_name_ids,table_maps_name_id.csv,12,,0,ok,,0.1
2026-09-21T20:55:25+00:00,35654032846,incremental,maps_id,table_maps_id.csv,0,0,0,ok,,0
2026-09-21T20:55:25+00:00,35654032846,incremental,draft,table_draft.csv,0,0,0,ok,,0
2026-09-21T20:55:25+00:00,35654032846,incremental,round_info,table_round_info.csv,0,0,0,ok,,0
2026-09-21T20:55:25+00:00,35654032846,incremental,team_economy,table_team_economy.csv,0,0,0,ok,,0
2026-09-21T20:55:25+00:00,35654032846,incremental,player_stats,table_player_stats.csv,0,0,0,ok,,0
2026-09-21T20:55:25+00:00,35654032846,incremental,player_performance,table_player_performance.csv,0,0,0,ok,,0
2026-09-21T20:55:25+00:00,35654032846,incremental,match_id,table_match_id.csv,0,0,0,ok,,0
2026-09-22T20:04:38+00:00,35777854988,incremental,regions,table_region.csv,5,,0,ok,,0.2
2026-09-22T20:04:38+00:00,35777854988,incremental,tournament,table_tournament.csv,15,,0,ok,,0.3
2026-09-22T20:04:38+00:00,35777854988,incremental,teams,table_teams.csv,64,,0,ok,,0.1
2026-09-22T20:04:38+00:00,35777854988,incremental,tournament_played,table_tournament_played.csv,198,,0,ok,,0.3
2026-09-22T20:04:38+00:00,35777854988,incremental,players,table_players.csv,385,,0,ok,,0.4
2026-09-22T20:04:38+00:00,35777854988,incremental,maps_name_ids,table_maps_name_id.csv,12,,0,ok,,0.3
2026-09-22T20:04:38+00:00,35777854988,incremental,maps_id,table_maps_id.csv,0,0,0,ok,,0
2026-09-22T20:04:38+00:00,35777854988,incremental,draft,table_draft.csv,0,0,0,ok,,0
2026-09-22T20:04:38+00:00,35777854988,incremental,round_info,table_round_info.csv,0,0,0,ok,,0
2026-09-22T20:04:38+00:00,35777854988,incremental,team_economy,table_team_economy.csv,0,0,0,ok,,0
2026-09-22T20:04:38+00:00,35777854988,incremental,player_stats,table_player_stats.csv,0,0,0,ok,,0
2026-09-22T20:04:38+00:00,35777854988,incremental,player_performance,table_player_performance.csv,0,0,0,ok,,0
2026-09-22T20:04:38+00:00,35777854988,incremental,match_id,table_match_id.csv,0,0,0,ok,,0
2026-09-23T20:04:54+00:00,35913510141,incremental,regions,table_region.csv,5,,0,ok,,0.2
2026-09-23T20:04:54+00:00,35913510141,incremental,tournament,table_tournament.csv,15,,0,ok,,0.1
2026-09-23T20:04:54+00:00,35913510141,incremental,teams,table_teams.csv,64,,0,ok,,0.1
2026-09-23T20:04:54+00:00,35913510141,incremental,tournament_played,table_tournament_played.csv,198,,0,ok,,0.1
2026-09-23T20:04:54+00:00,35913510141,incremental,players,table_players.csv,385,,0,ok,,0.2
2026-09-23T20:04:54+00:00,35913510141,incremental,maps_name_ids,table_maps_name_id.csv,12,,0,ok,,0.1
2026-09-23T20:04:54+00:00,35913510141,incremental,maps_id,table_maps_id.csv,0,0,0,ok,,0
2026-09-23T20:04:54+00:00,35913510141,incremental,draft,table_draft.csv,0,0,0,ok,,0
2026-09-23T20:04:54+00:00,35913510141,incremental,round_info,table_round_info.csv,0,0,0,ok,,0
2026-09-23T20:04:54+00:00,35913510141,incremental,team_economy,table_team_economy.csv,0,0,0,ok,,0
2026-09-23T20:04:54+00:00,35913510141,incremental,player_stats,table_player_stats.csv,0,0,0,ok,,0
2026-09-23T20:04:54+00:00,35913510141,incremental,player_performance,table_player_performance.csv,0,0,0,ok,,0
2026-09-23T20:04:54+00:00,35913510141,incremental,match_id,table_match_id.csv,0,0,0,ok,,0
2026-09-24T20:20:00+00:00,36054067116,incremental,regions,table_region.csv,5,,0,ok,,0.2
2026-09-24T20:20:00+00:00,36054067116,incremental,tournament,table_tournament.csv,16,,0,ok,,0.2
2026-09-24T20:20:00+00:00,36054067116,incremental,teams,table_teams.csv,64,,0,ok,,0.1
2026-09-24T20:20:00+00:00,36054067116,incremental,tournament_played,table_tournament_played.csv,202,,0,ok,,0.3
2026-09-24T20:20:00+00:00,36054067116,incremental,players,table_players.csv,386,,0,ok,,0.3
2026-09-24T20:20:00+00:00,36054067116,incremental,maps_name_ids,table_maps_name_id.csv,12,,0,ok,,0.8
2026-09-24T20:20:00+00:00,36054067116,incremental,maps_id,table_maps_id.csv,5,2,0,ok,,0.2
2026-09-24T20:20:00+00:00,36054067116,incremental,draft,table_draft.csv,2,2,0,ok,,1.0
2026-09-24T20:20:00+00:00,36054067116,incremental,round_info,table_round_info.csv,95,2,0,ok,,0.5
2026-09-24T20:20:00+00:00,36054067116,incremental,team_economy,table_team_economy.csv,95,2,0,ok,,0.4
2026-09-24T20:20:00+00:00,36054067116,incremental,player_stats,table_player_stats.csv,50,2,0,ok,,0.4
2026-09-24T20:20:00+00:00,36054067116,incremental,player_performance,table_player_performance.csv,50,2,0,ok,,0.4
2026-09-24T20:20:00+00:00,36054067116,incremental,match_id,table_match_id.csv,2,2,0,ok,,0.1
2026-09-25T20:20:55+00:00,36185168622,incremental,regions,table_region.csv,5,,0,ok,,0.1
2026-09-25T20:20:55+00:00,36185168622,incremental,tournament,table_tournament.csv,16,,0,ok,,0.1
2026-09-25T20:20:55+00:00,36185168622,incremental,teams,table_teams.csv,64,,0,ok,,0.1
2026-09-25T20:20:55+00:00,36185168622,incremental,tournament_played,table_tournament_played.csv,206,,0,ok,,0.8
2026-09-25T20:20:55+00:00,36185168622,incremental,players,table_players.csv,386,,0,ok,,0.1
2026-09-25T20:20:55+00:00,36185168622,incremental,maps_name_ids,table_maps_name_id.csv,12,,0,ok,,0.2
2026-09-25T20:20:55+00:00,36185168622,incremental,maps_id,table_maps_id.csv,4,2,0,ok,,0.1
2026-09-25T20:20:55+00:00,36185168622,incremental,draft,table_draft.csv,2,2,0,ok,,0.1
2026-09-25T20:20:55+00:00,36185168622,incremental,round_info,table_round_info.csv,76,2,0,ok,,0.3
2026-09-25T20:20:55+00:00,36185168622,incremental,team_economy,table_team_economy.csv,76,2,0,ok,,0.4
2026-09-25T20:20:55+00:00,36185168622,incremental,player_stats,table_player_stats.csv,40,2,0,ok,,0.3
2026-09-25T20:20:55+00:00,36185168622,incremental,player_performance,table_player_performance.csv,40,2,0,ok,,0.2
2026-09-25T20:20:55+00:00,36185168622,incremental,match_id,table_match_id.csv,2,2,0,ok,,0.2
2026-09-26T19:38:26+00:00,36266714535,incremental,regions,table_region.csv,5,,0,ok,,0.2
2026-09-26T19:38:26+00:00,36266714535,incremental,tournament,table_tournament.csv,16,,0,ok,,0.2
2026-09-26T19:38:26+00:00,36266714535,incremental,teams,table_teams.csv,64,,0,ok,,0.2
2026-09-26T19:38:26+00:00,36266714535,incremental,tournament_played,table_tournament_played.csv,210,,0,ok,,0.3
2026-09-26T19:38:26+00:00,36266714535,incremental,players,table_players.csv,386,,0,ok,,0.3
2026-09-26T19:38:26+00:00,36266714535,incremental,maps_name_ids,table_maps_name_id.csv,12,,0,ok,,0.1
2026-09-26T19:38:26+00:00,36266714535,incremental,maps_id,table_maps_id.csv,5,2,0,ok,,0.1
2026-09-26T19:38:26+00:00,36266714535,incremental,draft,table_draft.csv,2,2,0,ok,,0.1
2026-09-26T19:38:26+00:00,36266714535,incremental,round_info,table_round_info.csv,108,2,0,ok,,0.4
2026-09-26T19:38:26+00:00,36266714535,incremental,team_economy,table_team_economy.csv,108,2,0,ok,,0.3
2026-09-26T19:38:26+00:00,36266714535,incremental,player_stats,table_player_stats.csv,50,2,0,ok,,0.3
2026-09-26T19:38:26+00:00,36266714535,incremental,player_performance,table_player_performance.csv,50,2,0,ok,,0.2
2026-09-26T19:38:26+00:00,36266714535,incremental,match_id,table_match_id.csv,2,2,0,ok,,0.1
2026-09-27T19:59:52+00:00,36346328767,incremental,regions,table_region.csv,5,,0,ok,,0.3
2026-09-27T19:59:52+00:00,36346328767,incremental,tournament,table_tournament.csv,16,,0,ok,,0.1
2026-09-27T19:59:52+00:00,36346328767,incremental,teams,table_teams.csv,64,,0,ok,,0.3
2026-09-27T19:59:52+00:00,36346328767,incremental,tournament_played,table_tournament_played.csv,214,,0,ok,,0.4
2026-09-27T19:59:52+00:00,36346328767,incremental,players,table_players.csv,386,,0,ok,,0.2
2026-09-27T19:59:52+00:00,36346328767,incremental,maps_name_ids,table_maps_name_id.csv,12,,0,ok,,0.1
2026-09-27T19:59:52+00:00,36346328767,incremental,maps_id,table_maps_id.csv,4,2,0,ok,,0.3
2026-09-27T19:59:52+00:00,36346328767,incremental,draft,table_draft.csv,2,2,0,ok,,0.3
2026-09-27T19:59:52+00:00,36346328767,incremental,round_info,table_round_info.csv,80,2,0,ok,,0.3
2026-09-27T19:59:52+00:00,36346328767,incremental,team_economy,table_team_economy.csv,80,2,0,ok,,0.5
2026-09-27T19:59:52+00:00,36346328767,incremental,player_stats,table_player_stats.csv,40,2,0,ok,,0.5
2026-09-27T19:59:52+00:00,36346328767,incremental,player_performance,table_player_performance.csv,40,2,0,ok,,0.4
2026-09-27T19:59:52+00:00,36346328767,incremental,match_id,table_match_id.csv,2,2,0,ok,,0.3
2026-09-28T22:28:19+00:00,36492540264,incremental,regions,table_region.csv,5,,0,ok,,0.3
2026-09-28T22:28:19+00:00,36492540264,incremental,tournament,table_tournament.csv,16,,0,ok,,0.1
2026-09-28T22:28:19+00:00,36492540264,incremental,teams,table_teams.csv,64,,0,ok,,0.2
2026-09-28T22:28:19+00:00,36492540264,incremental,tournament_played,table_tournament_played.csv,214,,0,ok,,0.3
2026-09-28T22:28:19+00:00,36492540264,incremental,players,table_players.csv,386,,0,ok,,0.4
2026-09-28T22:28:19+00:00,36492540264,incremental,maps_name_ids,table_maps_name_id.csv,13,,0,ok,,0.1
2026-09-28T22:28:19+00:00,36492540264,incremental,maps_id,table_maps_id.csv,0,0,0,ok,,0
2026-09-28T22:28:19+00:00,36492540264,incremental,draft,table_draft.csv,0,0,0,ok,,0
2026-09-28T22:28:19+00:00,36492540264,incremental,round_info,table_round_info.csv,0,0,0,ok,,0
2026-09-28T22:28:19+00:00,36492540264,incremental,team_economy,table_team_economy.csv,0,0,0,ok,,0
2026-09-28T22:28:19+00:00,36492540264,incremental,player_stats,table_player_stats.csv,0,0,0,ok,,0
2026-09-28T22:28:19+00:00,36492540264,incremental,player_performance,table_player_performance.csv,0,0,0,ok,,0
2026-09-28T22:28:19+00:00,36492540264,incremental,match_id,table_match_id.csv,0,0,0,ok,,0
2026-09-29T21:19:40+00:00,36632436752,incremental,regions,table_region.csv,5,,0,ok,,0.4
2026-09-29T21:19:40+00:00,36632436752,incremental,tournament,table_tournament.csv,16,,0,ok,,0.4
2026-09-29T21:19:40+00:00,36632436752,incremental,teams,table_teams.csv,64,,0,ok,,0.3
2026-09-29T21:19:40+00:00,36632436752,incremental,tournament_played,table_tournament_played.csv,214,,0,ok,,0.5
2026-09-29T21:19:40+00:00,36632436752,incremental,players,table_players.csv,386,,0,ok,,0.3
2026-09-29T21:19:40+00:00,36632436752,incremental,maps_name_ids,table_maps_name_id.csv,13,,0,ok,,0.1
2026-09-29T21:19:40+00:00,36632436752,incremental,maps_id,table_maps_id.csv,6,2,0,ok,,0.2
2026-09-29T21:19:40+00:00,36632436752,incremental,draft,table_draft.csv,2,2,0,ok,,0.2
2026-09-29T21:19:40+00:00,36632436752,incremental,round_info,table_round_info.csv,134,2,0,ok,,0.4
2026-09-29T21:19:40+00:00,36632436752,incremental,team_economy,table_team_economy.csv,134,2,0,ok,,0.4
2026-09-29T21:19:40+00:00,36632436752,incremental,player_stats,table_player_stats.csv,60,2,0,ok,,0.4
2026-09-29T21:19:40+00:00,36632436752,incremental,player_performance,table_player_performance.csv,60,2,0,ok,,0.5
2026-09-29T21:19:40+00:00,36632436752,incremental,match_id,table_match_id.csv,2,2,0,ok,,0.3
2026-09-30T21:20:48+00:00,36778776518,incremental,regions,table_region.csv,5,,0,ok,,0.1
2026-09-30T21:20:48+00:00,36778776518,incremental,tournament,table_tournament.csv,16,,0,ok,,0.1
2026-09-30T21:20:48+00:00,36778776518,incremental,teams,table_teams.csv,64,,0,ok,,0.1
2026-09-30T21:20:48+00:00,36778776518,incremental,tournament_played,table_tournament_played.csv,214,,0,ok,,0.2
2026-09-30T21:20:48+00:00,36778776518,incremental,players,table_players.csv,386,,0,ok,,0.2
2026-09-30T21:20:48+00:00,36778776518,incremental,maps_name_ids,table_maps_name_id.csv,13,,0,ok,,0.1
2026-09-30T21:20:48+00:00,36778776518,incremental,maps_id,table_maps_id.csv,4,2,0,ok,,0.1
2026-09-30T21:20:48+00:00,36778776518,incremental,draft,table_draft.csv,2,2,0,ok,,0.1
2026-09-30T21:20:48+00:00,36778776518,incremental,round_info,table_round_info.csv,97,2,0,ok,,0.3
2026-09-30T21:20:48+00:00,36778776518,incremental,team_economy,table_team_economy.csv,97,2,0,ok,,0.3
2026-09-30T21:20:48+00:00,36778776518,incremental,player_stats,table_player_stats.csv,40,2,0,ok,,0.3
2026-09-30T21:20:48+00:00,36778776518,incremental,player_performance,table_player_performance.csv,40,2,0,ok,,0.1
2026-09-30T21:20:48+00:00,36778776518,incremental,match_id,table_match_id.csv,2,2,0,ok,,0.0
2026-10-01T21:42:50+00:00,36930431053,incremental,regions,table_region.csv,5,,0,ok,,0.1
2026-10-01T21:42:50+00:00,36930431053,incremental,tournament,table_tournament.csv,16,,0,ok,,0.1
2026-10-01T21:42:50+00:00,36930431053,incremental,teams,table_teams.csv,64,,0,ok,,0.2
2026-10-01T21:42:50+00:00,36930431053,incremental,tournament_played,table_tournament_played.csv,214,,0,ok,,0.2
2026-10-01T21:42:50+00:00,36930431053,incremental,players,table_players.csv,386,,0,ok,,0.2
2026-10-01T21:42:50+00:00,36930431053,incremental,maps_name_ids,table_maps_name_id.csv,13,,0,ok,,0.1
2026-10-01T21:42:50+00:00,36930431053,incremental,maps_id,table_maps_id.csv,5,2,0,ok,,0.1
2026-10-01T21:42:50+00:00,36930431053,incremental,draft,table_draft.csv,2,2,0,ok,,0.1
2026-10-01T21:42:50+00:00,36930431053,incremental,round_info,table_round_info.csv,104,2,0,ok,,0.3
2026-10-01T21:42:50+00:00,36930431053,incremental,team_economy,table_team_economy.csv,104,2,0,ok,,0.3
2026-10-01T21:42:50+00:00,36930431053,incremental,player_stats,table_player_stats.csv,50,2,0,ok,,0.4
2026-10-01T21:42:50+00:00,36930431053,incremental,player_performance,table_player_performance.csv,50,2,0,ok,,0.2
2026-10-01T21:42:50+00:00,36930431053,incremental,match_id,table_match_id.csv,2,2,0,ok,,0.1
2026-10-02T21:14:27+00:00,37065578365,incremental,regions,table_region.csv,5,,0,ok,,0.9
2026-10-02T21:14:27+00:00,37065578365,incremental,tournament,table_tournament.csv,16,,0,ok,,0.1
2026-10-02T21:14:27+00:00,37065578365,incremental,teams,table_teams.csv,64,,0,ok,,0.1
2026-10-02T21:14:27+00:00,37065578365,incremental,tournament_played,table_tournament_played.csv,214,,0,ok,,0.2
2026-10-02T21:14:27+00:00,37065578365,incremental,players,table_players.csv,386,,0,ok,,0.2
2026-10-02T21:14:27+00:00,37065578365,incremental,maps_name_ids,table_maps_name_id.csv,13,,0,ok,,0.1
2026-10-02T21:14:27+00:00,37065578365,incremental,maps_id,table_maps_id.csv,5,2,0,ok,,0.1
2026-10-02T21:14:27+00:00,37065578365,incremental,draft,table_draft.csv,2,2,0,ok,,0.1
2026-10-02T21:14:27+00:00,37065578365,incremental,round_info,table_round_info.csv,95,2,0,ok,,0.3
2026-10-02T21:14:27+00:00,37065578365,incremental,team_economy,table_team_economy.csv,95,2,0,ok,,0.3
2026-10-02T21:14:27+00:00,37065578365,incremental,player_stats,table_player_stats.csv,50,2,0,ok,,0.3
2026-10-02T21:14:27+00:00,37065578365,incremental,player_performance,table_player_performance.csv,50,2,0,ok,,0.2
2026-10-02T21:14:27+00:00,37065578365,incremental,match_id,table_match_id.csv,2,2,0,ok,,0.0
2026-10-03T19:44:23+00:00,37148949568,incremental,regions,table_region.csv,5,,0,ok,,0.4
2026-10-03T19:44:23+00:00,37148949568,incremental,tournament,table_tournament.csv,16,,0,ok,,0.2
2026-10-03T19:44:23+00:00,37148949568,incremental,teams,table_teams.csv,64,,0,ok,,0.1
2026-10-03T19:44:23+00:00,37148949568,incremental,tournament_played,table_tournament_played.csv,214,,0,ok,,0.4
2026-10-03T19:44:23+00:00,37148949568,incremental,players,table_players.csv,386,,0,ok,,0.2
2026-10-03T19:44:23+00:00,37148949568,incremental,maps_name_ids,table_maps_name_id.csv,13,,0,ok,,0.1
2026-10-03T19:44:23+00:00,37148949568,incremental,maps_id,table_maps_id.csv,5,2,0,ok,,0.1
2026-10-03T19:44:23+00:00,37148949568,incremental,draft,table_draft.csv,2,2,0,ok,,0.1
2026-10-03T19:44:23+00:00,37148949568,incremental,round_info,table_round_info.csv,102,2,0,ok,,0.4
2026-10-03T19:44:23+00:00,37148949568,incremental,team_economy,table_team_economy.csv,102,2,0,ok,,0.3
2026-10-03T19:44:23+00:00,37148949568,incremental,player_stats,table_player_stats.csv,50,2,0,ok,,0.3
2026-10-03T19:44:23+00:00,37148949568,incremental,player_performance,table_player_performance.csv,50,2,0,ok,,0.2
2026-10-03T19:44:23+00:00,37148949568,incremental,match_id,table_match_id.csv,2,2,0,ok,,0.1
2026-10-04T20:00:22+00:00,37230383460,incremental,regions,table_region.csv,5,,0,ok,,0.2
2026-10-04T20:00:22+00:00,37230383460,incremental,tournament,table_tournament.csv,16,,0,ok,,0.1
2026-10-04T20:00:22+00:00,37230383460,incremental,teams,table_teams.csv,64,,0,ok,,0.1
2026-10-04T20:00:22+00:00,37230383460,incremental,tournament_played,table_tournament_played.csv,214,,0,ok,,0.2
2026-10-04T20:00:22+00:00,37230383460,incremental,players,table_players.csv,386,,0,ok,,0.3
2026-10-04T20:00:22+00:00,37230383460,incremental,maps_name_ids,table_maps_name_id.csv,13,,0,ok,,0.1
2026-10-04T20:00:22+00:00,37230383460,incremental,maps_id,table_maps_id.csv,4,2,0,ok,,0.1
2026-10-04T20:00:22+00:00,37230383460,incremental,draft,table_draft.csv,2,2,0,ok,,0.1
2026-10-04T20:00:22+00:00,37230383460,incremental,round_info,table_round_info.csv,89,2,0,ok,,0.3
2026-10-04T20:00:22+00:00,37230383460,incremental,team_economy,table_team_economy.csv,89,2,0,ok,,0.3
2026-10-04T20:00:22+00:00,37230383460,incremental,player_stats,table_player_stats.csv,40,2,0,ok,,0.3
2026-10-04T20:00:22+00:00,37230383460,incremental,player_performance,table_player_performance.csv,40,2,0,ok,,0.4
2026-10-04T20:00:22+00:00,37230383460,incremental,match_id,table_match_id.csv,2,2,0,ok,,0.1
2026-10-05T23:05:48+00:00,37386456875,incremental,regions,table_region.csv,5,,0,ok,,0.2
2026-10-05T23:05:48+00:00,37386456875,incremental,tournament,table_tournament.csv,16,,0,ok,,0.2
2026-10-05T23:05:48+00:00,37386456875,incremental,teams,table_teams.csv,64,,0,ok,,0.2
2026-10-05T23:05:48+00:00,37386456875,incremental,tournament_played,table_tournament_played.csv,214,,0,ok,,0.3
2026-10-05T23:05:48+00:00,37386456875,incremental,players,table_players.csv,386,,0,ok,,0.4
2026-10-05T23:05:48+00:00,37386456875,incremental,maps_name_ids,table_maps_name_id.csv,13,,0,ok,,0.1
2026-10-05T23:05:48+00:00,37386456875,incremental,maps_id,table_maps_id.csv,0,0,0,ok,,0
2026-10-05T23:05:48+00:00,37386456875,incremental,draft,table_draft.csv,0,0,0,ok,,0
2026-10-05T23:05:48+00:00,37386456875,incremental,round_info,table_round_info.csv,0,0,0,ok,,0
2026-10-05T23:05:48+00:00,37386456875,incremental,team_economy,table_team_economy.csv,0,0,0,ok,,0
2026-10-05T23:05:48+00:00,37386456875,incremental,player_stats,table_player_stats.csv,0,0,0,ok,,0
2026-10-05T23:05:48+00:00,37386456875,incremental,player_performance,table_player_performance.csv,0,0,0,ok,,0
2026-10-05T23:05:48+00:00,37386456875,incremental,match_id,table_match_id.csv,0,0,0,ok,,0
2026-10-06T21:31:35+00:00,37534453758,incremental,regions,table_region.csv,5,,0,ok,,0.3
2026-10-06T21:31:35+00:00,37534453758,incremental,tournament,table_tournament.csv,16,,0,ok,,0.3
2026-10-06T21:31:35+00:00,37534453758,incremental,teams,table_teams.csv,64,,0,ok,,0.1
2026-10-06T21:31:35+00:00,37534453758,incremental,tournament_played,table_tournament_played.csv,214,,0,ok,,0.3
2026-10-06T21:31:35+00:00,37534453758,incremental,players,table_players.csv,386,,0,ok,,0.3
2026-10-06T21:31:35+00:00,37534453758,incremental,maps_name_ids,table_maps_name_id.csv,13,,0,ok,,0.3
2026-10-06T21:31:35+00:00,37534453758,incremental,maps_id,table_maps_id.csv,0,0,0,ok,,0
2026-10-06T21:31:35+00:00,37534453758,incremental,draft,table_draft.csv,0,0,0,ok,,0
2026-10-06T21:31:35+00:00,37534453758,incremental,round_info,table_round_info.csv,0,0,0,ok,,0
2026-10-06T21:31:35+00:00,37534453758,incremental,team_economy,table_team_economy.csv,0,0,0,ok,,0
2026-10-06T21:31:35+00:00,37534453758,incremental,player_stats,table_player_stats.csv,0,0,0,ok,,0
2026-10-06T21:31:35+00:00,37534453758,incremental,player_performance,table_player_performance.csv,0,0,0,ok,,0
2026-10-06T21:31:35+00:00,37534453758,incremental,match_id,table_match_id.csv,0,0,0,ok,,0
2026-10-07T21:51:51+00:00,37692278998,incremental,regions,table_region.csv,5,,0,ok,,0.5
2026-10-07T21:51:51+00:00,37692278998,incremental,tournament,table_tournament.csv,16,,0,ok,,0.4
2026-10-07T21:51:51+00:00,37692278998,incremental,teams,table_teams.csv,64,,0,ok,,0.4
2026-10-07T21:51:51+00:00,37692278998,incremental,tournament_played,table_tournament_played.csv,214,,0,ok,,0.4
2026-10-07T21:51:51+00:00,37692278998,incremental,players,table_players.csv,386,,0,ok,,0.5
2026-10-07T21:51:51+00:00,37692278998,incremental,maps_name_ids,table_maps_name_id.csv,13,,0,ok,,0.3
2026-10-07T21:51:51+00:00,37692278998,incremental,maps_id,table_maps_id.csv,4,2,0,ok,,0.3
2026-10-07T21:51:51+00:00,37692278998,incremental,draft,table_draft.csv,2,2,0,ok,,0.2
2026-10-07T21:51:51+00:00,37692278998,incremental,round_info,table_round_info.csv,94,2,0,ok,,0.4
2026-10-07T21:51:51+00:00,37692278998,incremental,team_economy,table_team_economy.csv,94,2,0,ok,,0.4
2026-10-07T21:51:51+00:00,37692278998,incremental,player_stats,table_player_stats.csv,40,2,0,ok,,0.4
2026-10-07T21:51:51+00:00,37692278998,incremental,player_performance,table_player_performance.csv,40,2,0,ok,,0.4
2026-10-07T21:51:51+00:00,37692278998,incremental,match_id,table_match_id.csv,2,2,0,ok,,0.3
2026-10-08T19:28:06+00:00,37832096269,incremental,regions,table_region.csv,5,,0,ok,,0.2
2026-10-08T19:28:06+00:00,37832096269,incremental,tournament,table_tournament.csv,16,,0,ok,,0.1
2026-10-08T19:28:06+00:00,37832096269,incremental,teams,table_teams.csv,64,,0,ok,,0.5
2026-10-08T19:28:06+00:00,37832096269,incremental,tournament_played,table_tournament_played.csv,214,,0,ok,,0.4
2026-10-08T19:28:06+00:00,37832096269,incremental,players,table_players.csv,386,,0,ok,,0.2
2026-10-08T19:28:06+00:00,37832096269,incremental,maps_name_ids,table_maps_name_id.csv,13,,0,ok,,0.1
2026-10-08T19:28:06+00:00,37832096269,incremental,maps_id,table_maps_id.csv,56,24,0,ok,,0.1
2026-10-08T19:28:06+00:00,37832096269,incremental,draft,table_draft.csv,24,24,0,ok,,0.1
2026-10-08T19:28:06+00:00,37832096269,incremental,round_info,table_round_info.csv,1180,24,0,ok,,1.2
2026-10-08T19:28:06+00:00,37832096269,incremental,team_economy,table_team_economy.csv,1180,24,0,ok,,1.2
2026-10-08T19:28:06+00:00,37832096269,incremental,player_stats,table_player_stats.csv,560,24,0,ok,,0.7
2026-10-08T19:28:06+00:00,37832096269,incremental,player_performance,table_player_performance.csv,560,24,0,ok,,0.6
2026-10-08T19:28:06+00:00,37832096269,incremental,round_buy,table_round_buy.csv,1180,24,0,ok,,1.2
2026-10-08T19:28:06+00:00,37832096269,incremental,match_id,table_match_id.csv,24,24,0,ok,,0.1
2026-10-08T21:55:20+00:00,37850046601,incremental,regions,table_region.csv,5,,0,ok,,0.2
2026-10-08T21:55:20+00:00,37850046601,incremental,tournament,table_tournament.csv,16,,0,ok,,0.2
2026-10-08T21:55:20+00:00,37850046601,incremental,teams,table_teams.csv,64,,0,ok,,0.1
2026-10-08T21:55:20+00:00,37850046601,incremental,tournament_played,table_tournament_played.csv,214,,0,ok,,0.2
2026-10-08T21:55:20+00:00,37850046601,incremental,players,table_players.csv,386,,0,ok,,0.2
2026-10-08T21:55:20+00:00,37850046601,incremental,maps_name_ids,table_maps_name_id.csv,13,,0,ok,,0.1
2026-10-08T21:55:20+00:00,37850046601,incremental,maps_id,table_maps_id.csv,0,0,0,ok,,0
2026-10-08T21:55:20+00:00,37850046601,incremental,draft,table_draft.csv,0,0,0,ok,,0
2026-10-08T21:55:20+00:00,37850046601,incremental,round_info,table_round_info.csv,0,0,0,ok,,0
2026-10-08T21:55:20+00:00,37850046601,incremental,team_economy,table_team_economy.csv,0,0,0,ok,,0
2026-10-08T21:55:20+00:00,37850046601,incremental,player_stats,table_player_stats.csv,0,0,0,ok,,0
2026-10-08T21:55:20+00:00,37850046601,incremental,player_performance,table_player_performance.csv,0,0,0,ok,,0
2026-10-08T21:55:20+00:00,37850046601,incremental,round_buy,table_round_buy.csv,0,0,0,ok,,0
2026-10-08T21:55:20+00:00,37850046601,incremental,match_id,table_match_id.csv,0,0,0,ok,,0
